{"cameraMode":{"drawMode":0,"name":"Shaded","section":"Shading Mode"},"sceneLighting":false,"audioPlay":false,"sceneViewState":{"showFog":true,"showMaterialUpdate":false,"showSkybox":false,"showFlares":true,"showImageEffects":true,"showParticleSystems":true},"in2DMode":false,"pivot":{"x":-31.32146644592285,"y":0.9078596234321594,"z":-37.06977844238281},"rotation":{"x":-0.0011966374004259706,"y":-0.32349643111228945,"z":-0.00016879312170203775,"w":0.9465454816818237},"size":1.2294708490371705,"orthographic":false}