{"cameraMode":{"drawMode":0,"name":"Shaded","section":"Shading Mode"},"sceneLighting":false,"audioPlay":false,"sceneViewState":{"showFog":true,"showMaterialUpdate":false,"showSkybox":false,"showFlares":true,"showImageEffects":true,"showParticleSystems":true},"in2DMode":false,"pivot":{"x":2.5,"y":-0.04999999701976776,"z":2.4999923706054689},"rotation":{"x":-0.34712255001068118,"y":-0.2683159410953522,"z":0.10410618036985398,"w":-0.8926515579223633},"size":3.535881996154785,"orthographic":false}