{"cameraMode":{"drawMode":0,"name":"Shaded","section":"Shading Mode"},"sceneLighting":false,"audioPlay":false,"sceneViewState":{"showFog":true,"showMaterialUpdate":false,"showSkybox":false,"showFlares":true,"showImageEffects":true,"showParticleSystems":true},"in2DMode":false,"pivot":{"x":-0.5894651412963867,"y":21.090030670166017,"z":-8.072076797485352},"rotation":{"x":-0.06852380186319351,"y":-0.8982599973678589,"z":0.1512422114610672,"w":-0.40696030855178835},"size":11.899188041687012,"orthographic":false}