{"cameraMode":{"drawMode":0,"name":"Shaded","section":"Shading Mode"},"sceneLighting":true,"audioPlay":false,"sceneViewState":{"showFog":true,"showMaterialUpdate":false,"showSkybox":false,"showFlares":true,"showImageEffects":true,"showParticleSystems":true},"in2DMode":false,"pivot":{"x":0.4928632080554962,"y":1.412782907485962,"z":-1.6141003370285035},"rotation":{"x":0.25464197993278506,"y":0.2573244571685791,"z":-0.0703011155128479,"w":0.929638147354126},"size":2.9885764122009279,"orthographic":false}