{"cameraMode":{"drawMode":0,"name":"Shaded","section":"Shading Mode"},"sceneLighting":false,"audioPlay":false,"sceneViewState":{"showFog":true,"showMaterialUpdate":false,"showSkybox":false,"showFlares":true,"showImageEffects":true,"showParticleSystems":true},"in2DMode":false,"pivot":{"x":-32.52476119995117,"y":3.984877586364746,"z":-45.729454040527347},"rotation":{"x":0.06579654663801193,"y":0.7377824783325195,"z":-0.0722055658698082,"w":0.6683816313743591},"size":0.909787118434906,"orthographic":false}