{"cameraMode":{"drawMode":0,"name":"Shaded","section":"Shading Mode"},"sceneLighting":false,"audioPlay":false,"sceneViewState":{"showFog":true,"showMaterialUpdate":false,"showSkybox":false,"showFlares":true,"showImageEffects":true,"showParticleSystems":true},"in2DMode":false,"pivot":{"x":0.0,"y":-0.032999999821186069,"z":0.01146697998046875},"rotation":{"x":0.09238775074481964,"y":0.22139954566955567,"z":-0.020799310877919198,"w":0.9708824753761292},"size":0.17320507764816285,"orthographic":false}