{"cameraMode":{"drawMode":0,"name":"Shaded","section":"Shading Mode"},"sceneLighting":true,"audioPlay":false,"sceneViewState":{"showFog":true,"showMaterialUpdate":false,"showSkybox":true,"showFlares":true,"showImageEffects":true,"showParticleSystems":true},"in2DMode":false,"pivot":{"x":-1.0012112855911255,"y":-1.084591031074524,"z":-3.287846803665161},"rotation":{"x":-0.08207748830318451,"y":0.9065605998039246,"z":-0.20778484642505647,"w":-0.35810229182243349},"size":10.0,"orthographic":false}